seller_name,contact,domicile
"T. Emin Mardhiyah, M.Kom.",-2047,7371
"Kardi Situmorang, M.M.",(050) 661 5186,1371
Ani Oktaviani,+62 (44) 290-9069,3573
Murti Halim,+62 (782) 525 1673,3573
Raihan Hutapea,(0675) 929-8928,7371
Vinsen Situmorang,(0031) 596 6241,1375
Capa Setiawan,+62 (460) 852-7128,3173
Bakti Nugroho,-7131,7371
"Drs. Salsabila Wahyuni, S.Psi",881863383,3573
Dartono Mayasari,(0970) 421 3599,1371
Tomi Mansur,(051) 129 0405,3175
"Bella Farida, M.Farm",+62 (912) 454 4212,3471
"Galang Mangunsong, M.Kom.",(016) 980-2704,6472
Siska Budiyanto,(017) 397 9812,3175
Jessica Yuliarti,+62 (0853) 067-9670,3573
"Puti Cinta Hartati, M.Kom.",(0240) 744 8470,3171
Kasiran Sudiati,(097) 499 7810,1375
Galih Haryanto,-7460,6471
Eman Hidayat,+62 (077) 849 5149,1371
Caraka Melani,-9823,5171
Edi Ardianto,(008) 049 1623,6471
Dr. Winda Hakim,081 114 7374,1371
"Samiah Wacana, M.Ak",+62 (980) 890-8615,3174
drg. Zizi Utami,(031) 040-8887,1375
Oman Marbun,(083) 669-0215,3173
Darmanto Hutapea,+62 (079) 066-8630,3172
Patricia Thamrin,+62 (081) 772-2191,7371
"Yani Nurdiyanti, M.TI.",+62 (0095) 819-9227,3171
Ghaliyati Utama,-8296,3172
R. Paramita Hastuti,(066) 745 6407,3173
Ir. Laras Budiman,-5433,3273
Harjaya Prastuti,(0199) 939 4188,1375
"Cut Fitriani Nugroho, M.Farm",+62 (076) 571-7154,3174
Hj. Elma Saptono,-9067,3471
Prayogo Simanjuntak,827010914,3471
Gatot Hassanah,-5111,3175
Emil Anggriawan,(0571) 088 7752,5171
"Ir. Ratih Budiman, M.Pd",+62 (0030) 132 1352,3471
Hafshah Habibi,+62 (291) 398-3443,6472
Maras Setiawan,(0513) 901-1016,1371
Natalia Gunarto,+62 (0660) 561 9841,3471
drg. Galuh Maulana,+62 (55) 939-0573,7371
Dt. Kasiran Putra,801724788,3573
Wirda Nababan,-8532,3573
Restu Winarsih,864567371,3175
Hendra Kuswoyo,-8570,6471
"Pangeran Habibi, S.H.",+62 (23) 865-3434,3174
Pia Kusmawati,-4875,3273
R.M. Lulut Hastuti,(011) 946-1399,3173
"Yulia Manullang, S.Kom",815784222,3573
